id,receive_time
0,1687774238.7768657
1,1687774244.938397
2,1687774251.1624382
3,1687774257.2574842
4,1687774263.2703931
5,1687774268.808583
6,1687774274.9512622
7,1687774281.1885161
8,1687774287.183623
9,1687774293.3183882
10,1687774299.4421964
11,1687774305.574284
12,1687774311.7078319
13,1687774317.8381696
14,1687774324.046397
15,1687774330.1568012
16,1687774336.242281
17,1687774342.4747155
18,1687774348.5829985
19,1687774354.6512566
20,1687774360.8931913
21,1687774366.9335685
22,1687774373.047497
23,1687774379.220646
24,1687774385.3206296
25,1687774390.4517353
26,1687774395.5831523
27,1687774400.9978812
28,1687774407.1414554
29,1687774413.2730598
30,1687774419.4094594
31,1687774425.5470634
32,1687774431.7871175
33,1687774437.8139346
34,1687774443.9413397
35,1687774450.086022
36,1687774456.2167366
37,1687774462.3507454
38,1687774468.4739654
39,1687774474.61861
40,1687774480.7657728
41,1687774486.8743079
42,1687774493.0196364
43,1687774499.1508875
44,1687774505.2837484
45,1687774511.420365
46,1687774517.5524044
47,1687774522.720938
48,1687774527.8149354
49,1687774533.9478989
50,1687774540.0783138
51,1687774546.2116458
52,1687774552.3468504
53,1687774558.478652
54,1687774564.6135921
55,1687774570.7417006
56,1687774576.8849227
57,1687774583.0269797
58,1687774589.1699395
59,1687774595.275647
60,1687774601.5273523
61,1687774607.566483
62,1687774613.690801
63,1687774619.8171678
64,1687774625.9553823
65,1687774632.1021335
66,1687774638.223251
67,1687774644.3665411
68,1687774649.4924264
69,1687774655.6223547
70,1687774661.7663496
71,1687774667.8987525
72,1687774674.0256698
73,1687774680.158115
74,1687774686.2973988
75,1687774692.4335017
76,1687774698.5872629
77,1687774704.6985812
78,1687774710.8267725
79,1687774716.9580162
80,1687774723.193177
81,1687774729.234973
82,1687774735.4157777
83,1687774741.4939764
84,1687774747.7304938
85,1687774753.7676795
86,1687774759.945607
87,1687774766.0295854
88,1687774771.1680477
89,1687774777.3057315
90,1687774783.4779675
91,1687774789.5586104
92,1687774795.7085378
93,1687774801.8365178
94,1687774807.972121
95,1687774814.0944705
96,1687774820.2233906
97,1687774826.3619225
98,1687774832.5058908
99,1687774838.6305263
