id,send_time
0,1687774238.435819
1,1687774244.446758
2,1687774250.4485254
3,1687774256.4521334
4,1687774262.454742
5,1687774268.4650323
6,1687774274.4803514
7,1687774280.481131
8,1687774286.4903586
9,1687774292.499657
10,1687774298.509785
11,1687774304.5161607
12,1687774310.5195382
13,1687774316.524353
14,1687774322.5301619
15,1687774328.5395575
16,1687774334.5475554
17,1687774340.563193
18,1687774346.567685
19,1687774352.5786102
20,1687774358.5906982
21,1687774364.596284
22,1687774370.605271
23,1687774376.6150024
24,1687774382.628622
25,1687774388.6387355
26,1687774394.6546247
27,1687774400.6608982
28,1687774406.6643791
29,1687774412.6748588
30,1687774418.684733
31,1687774424.6931746
32,1687774430.6971889
33,1687774436.7098465
34,1687774442.7233982
35,1687774448.726458
36,1687774454.7278666
37,1687774460.7328835
38,1687774466.7432034
39,1687774472.7455878
40,1687774478.7509947
41,1687774484.7577744
42,1687774490.7672336
43,1687774496.779157
44,1687774502.7910266
45,1687774508.7940114
46,1687774514.8080223
47,1687774520.8166225
48,1687774526.821892
49,1687774532.835489
50,1687774538.838495
51,1687774544.8441775
52,1687774550.8468268
53,1687774556.8528292
54,1687774562.859898
55,1687774568.861248
56,1687774574.8763318
57,1687774580.8829937
58,1687774586.8853803
59,1687774592.8968227
60,1687774598.911424
61,1687774604.9209123
62,1687774610.9346938
63,1687774616.9424102
64,1687774622.9484606
65,1687774628.954974
66,1687774634.9655762
67,1687774640.969301
68,1687774646.971993
69,1687774652.9728274
70,1687774658.9766874
71,1687774664.983122
72,1687774670.9980805
73,1687774677.0018322
74,1687774683.014959
75,1687774689.0219314
76,1687774695.033062
77,1687774701.034113
78,1687774707.0373068
79,1687774713.045634
80,1687774719.0490048
81,1687774725.059363
82,1687774731.0706878
83,1687774737.078576
84,1687774743.0811098
85,1687774749.0966372
86,1687774755.1008165
87,1687774761.1079726
88,1687774767.120534
89,1687774773.1265657
90,1687774779.1341846
91,1687774785.1387386
92,1687774791.1483884
93,1687774797.1501925
94,1687774803.1647398
95,1687774809.1659944
96,1687774815.1680827
97,1687774821.1811428
98,1687774827.1911564
99,1687774833.198543
